{
  "Training-KG": "WK-75_labeled",
  "|V| + |R|": 6850,
  "Corpus creation time": 0.053496360778808594,
  "Corpus size": 6850,
  "Vocabulary building time": 413.38018703460693
}