{
  "Training-KG": "WK-75_labeled",
  "|V| + |R|": 6850,
  "Corpus creation time": 8.191932201385498,
  "Corpus size": 101096,
  "Vocabulary building time": 3497.3768100738525
}