{
  "Training-KG": "WK-75_labeled",
  "|V| + |R|": 6850,
  "Corpus creation time": 11.74287748336792,
  "Corpus size": 215065,
  "Vocabulary building time": 46556.41063404083
}