{
  "Training-KG": "WK-25_labeled",
  "|V| + |R|": 12642,
  "Corpus creation time": 0.07018518447875977,
  "Corpus size": 12642,
  "Vocabulary building time": 1108.2791817188263
}