"('parameters', 'Model')",First places in %
ComplEx_asc_rank,0.21428571428571427
ComplEx_desc_rank,0.17857142857142858
ComplEx_asc_size,0.17857142857142858
ComplEx_desc_size,0.17857142857142858
ComplEx_last_first,0.10714285714285714
ComplEx_None,0.07142857142857142
ComplEx_,0.07142857142857142
