{
  "Training-KG": "WK-25_labeled",
  "|V| + |R|": 12642,
  "Corpus creation time": 20.308998584747314,
  "Corpus size": 141411,
  "Vocabulary building time": 8205.44437289238
}