{
  "Training-KG": "WK-100_labeled",
  "|V| + |R|": 9808,
  "Corpus creation time": 18.7094988822937,
  "Corpus size": 147457,
  "Vocabulary building time": 6403.883754730225
}