{
  "Training-KG": "WK-75_labeled",
  "|V| + |R|": 6850,
  "Corpus creation time": 0.033571720123291016,
  "Corpus size": 86064,
  "Vocabulary building time": 3081.2317175865173
}