{
  "Training-KG": "WK-50_labeled",
  "|V| + |R|": 12044,
  "Corpus creation time": 36.11362433433533,
  "Corpus size": 138096,
  "Vocabulary building time": 7630.893854856491
}