{
  "Training-KG": "WK-50_labeled",
  "|V| + |R|": 12044,
  "Corpus creation time": 14.096163988113403,
  "Corpus size": 219359,
  "Vocabulary building time": 48047.23343086243
}