{
  "Training-KG": "WK-25_labeled",
  "|V| + |R|": 12642,
  "Corpus creation time": 0.12128424644470215,
  "Corpus size": 125133,
  "Vocabulary building time": 6988.595974206924
}