{
  "Training-KG": "WK-50_labeled",
  "|V| + |R|": 12044,
  "Corpus creation time": 0.10829401016235352,
  "Corpus size": 246690,
  "Vocabulary building time": 15792.88927435875
}