{
  "Training-KG": "WK-25_labeled",
  "|V| + |R|": 12642,
  "Corpus creation time": 6.620974540710449,
  "Corpus size": 219136,
  "Vocabulary building time": 41945.15614771843
}