{
  "Training-KG": "WK-75_labeled",
  "|V| + |R|": 6850,
  "Corpus creation time": 6.673401117324829,
  "Corpus size": 215065,
  "Vocabulary building time": 41556.277178525925
}