{
  "Training-KG": "WK-100_labeled",
  "|V| + |R|": 9808,
  "Corpus creation time": 6.584618091583252,
  "Corpus size": 217379,
  "Vocabulary building time": 41333.75748372078
}