{
  "Training-KG": "WK-100_labeled",
  "|V| + |R|": 9808,
  "Corpus creation time": 11.930752515792847,
  "Corpus size": 217379,
  "Vocabulary building time": 47728.66684603691
}