{
  "Training-KG": "WK-50_labeled",
  "|V| + |R|": 12044,
  "Corpus creation time": 7.337946176528931,
  "Corpus size": 219359,
  "Vocabulary building time": 42853.58757638931
}