{
  "Training-KG": "WK-50_labeled",
  "|V| + |R|": 12044,
  "Corpus creation time": 12.415892839431763,
  "Corpus size": 219359,
  "Vocabulary building time": 48268.97398662567
}