{
  "Training-KG": "WK-50_labeled",
  "|V| + |R|": 12044,
  "Corpus creation time": 6.613062620162964,
  "Corpus size": 209781,
  "Vocabulary building time": 41494.87932682037
}