{
  "Training-KG": "WK-50_labeled",
  "|V| + |R|": 12044,
  "Corpus creation time": 0.0966341495513916,
  "Corpus size": 12044,
  "Vocabulary building time": 1095.280183315277
}