{
  "Training-KG": "WK-25_labeled",
  "|V| + |R|": 12642,
  "Corpus creation time": 11.658222198486328,
  "Corpus size": 219136,
  "Vocabulary building time": 47519.53666090965
}